title,job
,công nghiệp
,công nghiệp chế biến và sản xuất
,công nghiệp ô tô
,công nghiệp hàng không và vũ trụ
,công nghiệp dầu khí
,công nghệ thông tin
,phần mềm và phát triển ứng dụng
,an toàn thông tin
,mạng và hệ thống
,truyền thông và quảng cáo
,digital marketing
,marketing
,ngân hàng
,ngân hàng và tài chính
,kế toán
,kế toán và kiểm toán
,quản lý rủi ro tài chính
,điều dưỡng
,y tá
,bác sĩ
,bác sĩ và y tá
,thú y
,nha sĩ
,dược sĩ
,nghiên cứu y học và phát triển dược phẩm
,quản lý chăm sóc sức khỏe
,nhà văn
,trợ giảng
,giáo viên
,giáo viên và giáo viên trợ giảng
,đào tạo và phát triển nhân sự
,quản lý giáo dục
,du lịch
,du lịch và lữ hành
,quản lý nhà hàng
,quản ký khách sạn
,nhà hàng và dịch vụ ẩm thực
,quản lý sự kiện và hội nghị
,nông nghiệp
,thủy thủ
,chăn nuôi
,nông nghiệp và chăn nuôi
,lâm nghiệp và môi trường
,quản lý tài nguyên tự nhiên
,nghệ thuật sân khấu và biểu diễn
,nhạc sĩ
,nghệ sĩ
,nghệ sĩ và người làm phim
,quản lý văn hóa
,công tác xã hội
,quản lý tổ chức phi lợi nhuận
,dịch vụ cộng đồng và tình nguyện
,quản lý môi trường
,năng lượng và điện
,phát triển bền vững
,phụ hồ
,lao công
,học viện hàng không
